,title,link,author
0,重生之賊行天下,http://big5.quanben5.com/n/zhongshengzhizeixingtianxia/xiaoshuo.html,發飆的蝸牛
1,網遊之縱橫天下,http://big5.quanben5.com/n/wangyouzhizonghengtianxia/xiaoshuo.html,失落葉
2,練級狂人在異界,http://big5.quanben5.com/n/lianjikuangrenzaiyijie/xiaoshuo.html,網絡黑俠
3,全職高手,http://big5.quanben5.com/n/quanzhigaoshou/xiaoshuo.html,蝴蝶藍
4,賊膽,http://big5.quanben5.com/n/zeidan/xiaoshuo.html,發飆的蝸牛
5,網遊之盜版神話,http://big5.quanben5.com/n/wangyouzhidaobanshenhua/xiaoshuo.html,失落葉
6,網遊之修羅傳說,http://big5.quanben5.com/n/wangyouzhixiuluochuanshuo/xiaoshuo.html,火星引力
7,網遊之化神傳說,http://big5.quanben5.com/n/wangyouzhihuashenchuanshuo/xiaoshuo.html,海之心
8,網遊之一槍爆頭,http://big5.quanben5.com/n/wangyouzhiyiqiangbaotou/xiaoshuo.html,夜色訪者
9,超級盜賊,http://big5.quanben5.com/n/chaojidaozei/xiaoshuo.html,不是浮雲
10,網遊之職業人生,http://big5.quanben5.com/n/wangyouzhizhiyerensheng/xiaoshuo.html,天佐
11,網遊之混沌初開,http://big5.quanben5.com/n/wangyouzhihunchunchukai/xiaoshuo.html,泡菜胡蘿卜
12,網遊之邪龍騎士,http://big5.quanben5.com/n/wangyouzhixielongqishi/xiaoshuo.html,鏡臣
13,網遊之天地,http://big5.quanben5.com/n/wangyouzhitiandi/xiaoshuo.html,隱為者
14,網遊之廢物傳說,http://big5.quanben5.com/n/wangyouzhifeiwuchuanshuo/xiaoshuo.html,傲氣
15,邪影本紀,http://big5.quanben5.com/n/xieyingbenji/xiaoshuo.html,邪影
16,流氓高手,http://big5.quanben5.com/n/liumenggaoshou/xiaoshuo.html,無罪
17,神鬼劍士,http://big5.quanben5.com/n/shenguijianshi/xiaoshuo.html,突然光和熱
18,活色逍遙,http://big5.quanben5.com/n/huosexiaoyao/xiaoshuo.html,紅塵已惘然
19,網遊之練級專家,http://big5.quanben5.com/n/wangyouzhilianjizhuanjia/xiaoshuo.html,發飆的蝸牛
20,無限裝殖,http://big5.quanben5.com/n/wuxianzhuangzhi/xiaoshuo.html,君楚
21,網遊之重生法神,http://big5.quanben5.com/n/wangyouzhizhongshengfashen/xiaoshuo.html,木牛流貓
22,瘋狂鑒寶,http://big5.quanben5.com/n/fengkuangjianbao/xiaoshuo.html,偉少
23,修真者玩轉網遊,http://big5.quanben5.com/n/xiuzhenzhewanzhuanwangyou/xiaoshuo.html,陣亡
24,網遊之無人可擋,http://big5.quanben5.com/n/wangyouzhiwurenkedang/xiaoshuo.html,獄血魔神
25,網遊之傳奇神話,http://big5.quanben5.com/n/wangyouzhichuanqishenhua/xiaoshuo.html,戀析
26,網遊洪荒之神兵利器,http://big5.quanben5.com/n/wangyouhonghuangzhishenbingliqi/xiaoshuo.html,發飆的蝸牛
27,天域神器,http://big5.quanben5.com/n/tianyushenqi/xiaoshuo.html,發飆的蝸牛
28,網遊之傲龍傳說,http://big5.quanben5.com/n/wangyouzhiaolongchuanshuo/xiaoshuo.html,昊帝殘魂
29,網遊之千機百合,http://big5.quanben5.com/n/wangyouzhiqianjibaihe/xiaoshuo.html,結束與開始
30,網遊之劇毒,http://big5.quanben5.com/n/wangyouzhijudu/xiaoshuo.html,黑乎乎的老妖
31,重生之惡魔獵人,http://big5.quanben5.com/n/zhongshengzhiemolieren/xiaoshuo.html,頹廢龍
32,猛龍過江,http://big5.quanben5.com/n/menglongguojiang/xiaoshuo.html,骷髏精靈
33,網遊之天狗吞日,http://big5.quanben5.com/n/wangyouzhitiangoutunri/xiaoshuo.html,寡人未婚
34,網遊之逼我為王,http://big5.quanben5.com/n/wangyouzhibiwoweiwang/xiaoshuo.html,風玉竹
35,諸侯爭霸,http://big5.quanben5.com/n/zhuhouzhengba/xiaoshuo.html,月鼠
36,網遊之一槍飆血,http://big5.quanben5.com/n/wangyouzhiyiqiangbiaoxue/xiaoshuo.html,邊城 浪子
37,網遊之寫輪眼傳說,http://big5.quanben5.com/n/wangyouzhixielunyanchuanshuo/xiaoshuo.html,軒轅曉龍
38,變態法師,http://big5.quanben5.com/n/biantaifashi/xiaoshuo.html,小樣
39,高手寂寞,http://big5.quanben5.com/n/gaoshoujimo/xiaoshuo.html,蘭帝魅晨
40,網遊之零級神話,http://big5.quanben5.com/n/wangyouzhilingjishenhua/xiaoshuo.html,小小老鼠
41,製霸空權,http://big5.quanben5.com/n/zhibakongquan/xiaoshuo.html,終級BOSS飛
42,網遊之魔法神偷,http://big5.quanben5.com/n/wangyouzhimofashentou/xiaoshuo.html,文字夢工廠
43,網遊之全職大騎士,http://big5.quanben5.com/n/wangyouzhiquanzhidaqishi/xiaoshuo.html,六器
44,網遊之有點神話,http://big5.quanben5.com/n/wangyouzhiyoudianshenhua/xiaoshuo.html,滿樓
45,網遊之劍意,http://big5.quanben5.com/n/wangyouzhijianyi/xiaoshuo.html,睿意
46,網遊,http://big5.quanben5.com/n/wangyou/xiaoshuo.html,雲天空
47,龍噬天下,http://big5.quanben5.com/n/longshitianxia/xiaoshuo.html,網絡黑俠
48,遊戲小工之元素操控師,http://big5.quanben5.com/n/youxixiaogongzhiyuansucaokongshi/xiaoshuo.html,網絡黑俠
49,網遊之墮落天使,http://big5.quanben5.com/n/wangyouzhiduoluotianshi/xiaoshuo.html,辣椒雪碧
50,網遊之天生廢物,http://big5.quanben5.com/n/wangyouzhitianshengfeiwu/xiaoshuo.html,烈酒殘劍
51,網遊之終極法師,http://big5.quanben5.com/n/wangyouzhizhongjifashi/xiaoshuo.html,淩傲天
52,網遊之至尊玩家,http://big5.quanben5.com/n/wangyouzhizhizunwanjia/xiaoshuo.html,冰釋
53,網遊之邪霸天下,http://big5.quanben5.com/n/wangyouzhixiebatianxia/xiaoshuo.html,公眾作品
54,魔武網遊,http://big5.quanben5.com/n/mowuwangyou/xiaoshuo.html,東海一把刀
55,穿越火線之狙神傳說,http://big5.quanben5.com/n/chuanyuehuoxianzhijushenchuanshuo/xiaoshuo.html,納蘭初
56,全職天下,http://big5.quanben5.com/n/quanzhitianxia/xiaoshuo.html,北易水
57,網遊-夢幻現實,http://big5.quanben5.com/n/wangyou-menghuanxianshi/xiaoshuo.html,雲天空
58,虛竹傳人的足球之旅,http://big5.quanben5.com/n/xuzhuchuanrendezuqiuzhilv/xiaoshuo.html,XX神
59,網遊之複活,http://big5.quanben5.com/n/wangyouzhifuhuo/xiaoshuo.html,網絡黑俠
60,限製級召喚,http://big5.quanben5.com/n/xianzhijizhaohuan/xiaoshuo.html,梅西
61,X界,http://big5.quanben5.com/n/x-jie/xiaoshuo.html,妖無痕
62,驕傲不死,http://big5.quanben5.com/n/jiaoaobusi/xiaoshuo.html,華曉鷗
63,網遊之重生盜賊,http://big5.quanben5.com/n/wangyouzhizhongshengdaozei/xiaoshuo.html,手抓麵條
64,網遊神界,http://big5.quanben5.com/n/wangyoushenjie/xiaoshuo.html,聖空守望者
65,網遊之龍騰天下,http://big5.quanben5.com/n/wangyouzhilongtengtianxia/xiaoshuo.html,明日的輝煌
66,二百伍玩網遊,http://big5.quanben5.com/n/erbaiwuwanwangyou/xiaoshuo.html,空浮雲
67,網遊之邪靈法師,http://big5.quanben5.com/n/wangyouzhixielingfashi/xiaoshuo.html,神的邊緣
68,網遊之夢幻傳奇世界,http://big5.quanben5.com/n/wangyouzhimenghuanchuanqishijie/xiaoshuo.html,橫行霸道
69,召喚蒼穹,http://big5.quanben5.com/n/zhaohuancangqiong/xiaoshuo.html,妖刀鐵碎牙1
70,穿越暗黑破壞神,http://big5.quanben5.com/n/chuanyueanheipohuaishen/xiaoshuo.html,七殺真人
71,門派養成日誌,http://big5.quanben5.com/n/menpaiyangchengrizhi/xiaoshuo.html,玄晴
72,風流懶蛋異界行,http://big5.quanben5.com/n/fengliulandanyijiexing/xiaoshuo.html,風流懶蛋
73,獨闖天涯,http://big5.quanben5.com/n/duchuangtianya/xiaoshuo.html,蝴蝶藍
74,網遊之神經過敏,http://big5.quanben5.com/n/wangyouzhishenjingguomin/xiaoshuo.html,踏雪真人
75,網遊－屠龍巫師,http://big5.quanben5.com/n/wangyou-tulongwushi/xiaoshuo.html,宛若新衣
76,重生攜帶遊戲空間,http://big5.quanben5.com/n/zhongshengxiedaiyouxikongjian/xiaoshuo.html,謝白衣
77,網遊之雄霸華夏,http://big5.quanben5.com/n/wangyouzhixiongbahuaxia/xiaoshuo.html,蝦米XL
78,網遊之永生傳奇,http://big5.quanben5.com/n/wangyouzhiyongshengchuanqi/xiaoshuo.html,一劍臨風
79,網遊之召喚天下,http://big5.quanben5.com/n/wangyouzhizhaohuantianxia/xiaoshuo.html,淒涼山穀的風
80,網遊之修道歧路,http://big5.quanben5.com/n/wangyouzhixiudaoqilu/xiaoshuo.html,便衣
81,網遊之惡魔獵人,http://big5.quanben5.com/n/wangyouzhiemolieren/xiaoshuo.html,我自我自在
82,魔獸爭霸全穿越,http://big5.quanben5.com/n/moshouzhengbaquanchuanyue/xiaoshuo.html,墮落太陽
83,網遊之賊控天下,http://big5.quanben5.com/n/wangyouzhizeikongtianxia/xiaoshuo.html,凍羽
84,網遊之超級鬼才,http://big5.quanben5.com/n/wangyouzhichaojiguicai/xiaoshuo.html,浪子傾城
85,屍行天下,http://big5.quanben5.com/n/shixingtianxia/xiaoshuo.html,九郎
86,終極牧師,http://big5.quanben5.com/n/zhongjimushi/xiaoshuo.html,夏小白
87,英雄無敵之極品領主,http://big5.quanben5.com/n/yingxiongwudizhijipinlingzhu/xiaoshuo.html,熏香如風
88,網遊之極度狂人,http://big5.quanben5.com/n/wangyouzhijidukuangren/xiaoshuo.html,女圭女圭
89,特殊職業,http://big5.quanben5.com/n/teshuzhiye/xiaoshuo.html,舊軒
90,網遊之無良仙人,http://big5.quanben5.com/n/wangyouzhiwuliangxianren/xiaoshuo.html,醉衷幻想
91,網絡重生,http://big5.quanben5.com/n/wangluozhongsheng/xiaoshuo.html,墨徒
92,點龍訣,http://big5.quanben5.com/n/dianlongjue/xiaoshuo.html,夜妖奴
93,網遊之模擬城市,http://big5.quanben5.com/n/wangyouzhimonichengshi/xiaoshuo.html,笨太子
94,網遊之正版神話,http://big5.quanben5.com/n/wangyouzhizhengbanshenhua/xiaoshuo.html,陸大風
95,網遊之紅警帝國,http://big5.quanben5.com/n/wangyouzhihongjingdiguo/xiaoshuo.html,傲氣
96,網遊－自由,http://big5.quanben5.com/n/wangyou-ziyou/xiaoshuo.html,靈魂深邃
97,超級玩家,http://big5.quanben5.com/n/chaojiwanjia/xiaoshuo.html,黯然銷魂
98,網遊之法師傳奇,http://big5.quanben5.com/n/wangyouzhifashichuanqi/xiaoshuo.html,傲明
99,網遊之武林新傳,http://big5.quanben5.com/n/wangyouzhiwulinxinchuan/xiaoshuo.html,裴無衣
100,掌控球權,http://big5.quanben5.com/n/zhangkongqiuquan/xiaoshuo.html,終級BOSS飛
101,異世之元素師,http://big5.quanben5.com/n/yishizhiyuansushi/xiaoshuo.html,突然光和熱
102,瘋狂道具,http://big5.quanben5.com/n/fengkuangdaoju/xiaoshuo.html,天使海岸線
103,最強教皇,http://big5.quanben5.com/n/zuiqiangjiaohuang/xiaoshuo.html,一粒灰塵喲
104,魔獸英雄,http://big5.quanben5.com/n/moshouyingxiong/xiaoshuo.html,蒼狼
105,法師傳奇,http://big5.quanben5.com/n/fashichuanqi/xiaoshuo.html,麻煩
106,至尊逍遙傳,http://big5.quanben5.com/n/zhizunxiaoyaochuan/xiaoshuo.html,欲做逍遙人
107,網遊之劍神無風,http://big5.quanben5.com/n/wangyouzhijianshenwufeng/xiaoshuo.html,望風落淚
108,魔獸真三之神級小兵,http://big5.quanben5.com/n/moshouzhensanzhishenjixiaobing/xiaoshuo.html,昨夜悠悠
109,網遊之招魂牧師,http://big5.quanben5.com/n/wangyouzhizhaohunmushi/xiaoshuo.html,炭燒拿鐵
110,網遊之藍天,http://big5.quanben5.com/n/wangyouzhilantian/xiaoshuo.html,紫夜星魂
111,創月,http://big5.quanben5.com/n/chuangyue/xiaoshuo.html,紫夜星魂
112,仙俠世界的真實遊戲,http://big5.quanben5.com/n/xianxiashijiedezhenshiyouxi/xiaoshuo.html,藍波水
113,網遊之古劍太初,http://big5.quanben5.com/n/wangyouzhigujiantaichu/xiaoshuo.html,不古
114,校園籃球風雲,http://big5.quanben5.com/n/xiaoyuanlanqiufengyun/xiaoshuo.html,大秦炳炳
115,網遊之生死,http://big5.quanben5.com/n/wangyouzhishengsi/xiaoshuo.html,為何有雨
116,終極僵屍,http://big5.quanben5.com/n/zhongjijiangshi/xiaoshuo.html,槐林
117,縱橫第二世界,http://big5.quanben5.com/n/zonghengdiershijie/xiaoshuo.html,懶豬雷
118,網遊三國之亂世神醫,http://big5.quanben5.com/n/wangyousanguozhiluanshishenyi/xiaoshuo.html,九郎
119,重生之召喚無敵,http://big5.quanben5.com/n/zhongshengzhizhaohuanwudi/xiaoshuo.html,麻婆小豆腐
120,超級玩家II,http://big5.quanben5.com/n/chaojiwanjia-ii/xiaoshuo.html,黯然銷魂
121,網遊之我的美女房客們,http://big5.quanben5.com/n/wangyouzhiwodemeinvfangkemen/xiaoshuo.html,顧去西來
122,網遊之軒轅刺客,http://big5.quanben5.com/n/wangyouzhixuanyuancike/xiaoshuo.html,人中白木
123,天命法神,http://big5.quanben5.com/n/tianmingfashen/xiaoshuo.html,映月殘劍
124,幸運魔劍士,http://big5.quanben5.com/n/xingyunmojianshi/xiaoshuo.html,雲天空
125,白金農民麻煩哥,http://big5.quanben5.com/n/baijinnongminmafange/xiaoshuo.html,麻煩
126,網遊之俠義天下,http://big5.quanben5.com/n/wangyouzhixiayitianxia/xiaoshuo.html,雲東流
127,蜀山,http://big5.quanben5.com/n/shushan/xiaoshuo.html,流浪的蛤蟆
128,星雲修真誌,http://big5.quanben5.com/n/xingyunxiuzhenzhi/xiaoshuo.html,流水
129,網遊之傳奇再現,http://big5.quanben5.com/n/wangyouzhichuanqizaixian/xiaoshuo.html,玖伍貳柒
130,火影之天蒼羽,http://big5.quanben5.com/n/huoyingzhitiancangyu/xiaoshuo.html,天城01
131,網遊之巔峰玩家,http://big5.quanben5.com/n/wangyouzhidianfengwanjia/xiaoshuo.html,泡菜胡蘿卜
132,網遊之幻界魔劍,http://big5.quanben5.com/n/wangyouzhihuanjiemojian/xiaoshuo.html,洛?Y
133,替身老板,http://big5.quanben5.com/n/tishenlaoban/xiaoshuo.html,老殘
134,帶著洞府去異界,http://big5.quanben5.com/n/daizhoudongfuquyijie/xiaoshuo.html,豬三不
135,網遊之吞神噬魔,http://big5.quanben5.com/n/wangyouzhitunshenshimo/xiaoshuo.html,太極者淩雨夜
136,英雄無敵之最強馴獸師,http://big5.quanben5.com/n/yingxiongwudizhizuiqiangxunshoushi/xiaoshuo.html,苦艾酒
137,網遊之異能師,http://big5.quanben5.com/n/wangyouzhiyinenshi/xiaoshuo.html,Deity冷貓
138,網遊之亡命天涯,http://big5.quanben5.com/n/wangyouzhiwangmingtianya/xiaoshuo.html,大漠小鳥
139,暗黑之野蠻神座,http://big5.quanben5.com/n/anheizhiyemanshenzuo/xiaoshuo.html,神天宗
140,網遊超級點穴手（點龍訣）,http://big5.quanben5.com/n/wangyouchaojidianxueshou-dianlongjue/xiaoshuo.html,夜妖奴
141,雙劍,http://big5.quanben5.com/n/shuangjian/xiaoshuo.html,蝦寫
142,網遊之玩轉宇宙,http://big5.quanben5.com/n/wangyouzhiwanzhuanyuzhou/xiaoshuo.html,槐林
143,我為YY狂之絕對強者,http://big5.quanben5.com/n/wowei-yy-kuangzhijueduiqiangzhe/xiaoshuo.html,暗影聖騎士
144,CS亂世巨星,http://big5.quanben5.com/n/cs-luanshijuxing/xiaoshuo.html,邊城浪子
145,網遊之殺手生涯,http://big5.quanben5.com/n/wangyouzhishashoushengya/xiaoshuo.html,夜水秋寒
146,孤星傳說,http://big5.quanben5.com/n/guxingchuanshuo/xiaoshuo.html,木斧頭
147,網遊三國之城市攻略,http://big5.quanben5.com/n/wangyousanguozhichengshigonglue/xiaoshuo.html,百裏璽
148,法師傳奇II,http://big5.quanben5.com/n/fashichuanqi-ii/xiaoshuo.html,麻煩
149,網遊之神魔,http://big5.quanben5.com/n/wangyouzhishenmo/xiaoshuo.html,惜墨如金
150,破軍戰魂傳說,http://big5.quanben5.com/n/pojunzhanhunchuanshuo/xiaoshuo.html,楓葉知秋
151,網遊之完美世界,http://big5.quanben5.com/n/wangyouzhiwanmeishijie/xiaoshuo.html,阡陌龍騰
152,英雄無敵之超級英雄,http://big5.quanben5.com/n/yingxiongwudizhichaojiyingxiong/xiaoshuo.html,凱撒旦
153,網遊神之降臨,http://big5.quanben5.com/n/wangyoushenzhijianglin/xiaoshuo.html,暗黑聖騎
154,血色夢遊,http://big5.quanben5.com/n/xuesemengyou/xiaoshuo.html,孤僻男生
155,網遊之魔法紀元,http://big5.quanben5.com/n/wangyouzhimofajiyuan/xiaoshuo.html,網絡黑俠
156,火影忍者之七夜傳說,http://big5.quanben5.com/n/huoyingrenzhezhiqiyechuanshuo/xiaoshuo.html,獨孤九筆
157,y成了李尋歡後的生涯個y,http://big5.quanben5.com/n/y-chengliaolixunhuanhoudeshengyage-y/xiaoshuo.html,重爾心
158,網遊之魔王,http://big5.quanben5.com/n/wangyouzhimowang/xiaoshuo.html,儀雲盟出品
159,網遊之遠古神話,http://big5.quanben5.com/n/wangyouzhiyuangushenhua/xiaoshuo.html,風清
160,網遊之龍魂戰記,http://big5.quanben5.com/n/wangyouzhilonghunzhanji/xiaoshuo.html,一點流香
161,網遊之地下城主,http://big5.quanben5.com/n/wangyouzhidixiachengzhu/xiaoshuo.html,不老不死不滅
162,網遊之鏢局,http://big5.quanben5.com/n/wangyouzhibiaoju/xiaoshuo.html,雲東流
163,無限網遊空間,http://big5.quanben5.com/n/wuxianwangyoukongjian/xiaoshuo.html,蒙古小噠子
164,劍與財,http://big5.quanben5.com/n/jianyucai/xiaoshuo.html,木子心
165,最後一個殺手,http://big5.quanben5.com/n/zuihouyigeshashou/xiaoshuo.html,冷漠刺客
166,亡靈法師虛擬縱橫,http://big5.quanben5.com/n/wanglingfashixunizongheng/xiaoshuo.html,嗜睡如命
167,網遊傳奇之職業玩家,http://big5.quanben5.com/n/wangyouchuanqizhizhiyewanjia/xiaoshuo.html,公子殤
168,異界之遊戲高手,http://big5.quanben5.com/n/yijiezhiyouxigaoshou/xiaoshuo.html,正版葫蘆
169,網遊之武林霸圖,http://big5.quanben5.com/n/wangyouzhiwulinbatu/xiaoshuo.html,蝦寫
170,魔獸愛情,http://big5.quanben5.com/n/moshouaiqing/xiaoshuo.html,漠舞
171,網遊之詭槍,http://big5.quanben5.com/n/wangyouzhiguiqiang/xiaoshuo.html,煤堆裏的黑貓
172,天下之弱者的反擊,http://big5.quanben5.com/n/tianxiazhiruozhedefanji/xiaoshuo.html,流浪的風
173,網遊之小鬼成仙,http://big5.quanben5.com/n/wangyouzhixiaoguichengxian/xiaoshuo.html,風問
174,魔導之魂,http://big5.quanben5.com/n/modaozhihun/xiaoshuo.html,飄零幻
175,網遊之武林歪傳,http://big5.quanben5.com/n/wangyouzhiwulinwaichuan/xiaoshuo.html,李龍衣
176,死亡進化空間,http://big5.quanben5.com/n/siwangjinhuakongjian/xiaoshuo.html,銅戈泥馬
177,真&#183;三國群英傳,http://big5.quanben5.com/n/zhen-183-sanguoqunyingchuan/xiaoshuo.html,聾瞎
178,網遊之八翼巫妖王,http://big5.quanben5.com/n/wangyouzhibayiwuyaowang/xiaoshuo.html,風神翼語
179,踏破虛空,http://big5.quanben5.com/n/tapoxukong/xiaoshuo.html,妒風流
